ticker,mkt,previous_close,open,high,low,close,direction,change,,,volume,,,,,
786,Reg,5.2,5.42,5.42,5.39,5.4,+,0.2,8,63,340.28,,,,,
AABS,Reg,500.86,508,508.95,502.11,502.11,+,1.25,9,85,42890.13,,,,,
AATM,Reg,19.88,21.66,21.67,21.59,21.67,+,1.79,23,4950,107194.5,,,,,
ABL,Reg,111,113.5,113.5,110.01,110.3,-,-0.7,8,93,10386.57,,,,,ODL
ABOT,Reg,708.78,710,710,650.1,701,-,-7.78,16,395,274683.95,,,,,ODD lot
ACIETF,Reg,10.26,10.9,11.07,10.9,11.06,+,0.8,4,4000,44015,,,,,
ACPL,Reg,98.46,98.99,99.59,98.6,98.95,+,0.49,23,69241,6838755.9,,,,,
ADAMS,Reg,42,43.38,43.38,42.1,43.23,+,1.23,5,2017,84935.21,,,,,
ADMM,Reg,47.51,48.3,48.3,46.05,46.05,-,-1.46,50,22002,1026568.74,,,,,
AGHA,Reg,10.12,10.08,10.15,9.92,10.08,-,-0.04,424,824892,8267495.66,,,,,
AGHA-JUL,FUT,10.55,10.25,10.26,10.15,10.25,-,-0.3,8,5500,56240,,,,,
AGHA-JUN,FUT,10.16,10.12,10.35,10,10.35,+,0.19,180,548000,5485775,,,,,
AGIC,Reg,18.85,19,19,19,19,+,0.15,1,2000,38000,,,,,
AGIL,Reg,89.81,92.99,93,92.98,92.98,+,3.17,14,8960,833042,,,,,
AGL,Reg,20.96,21.19,21.99,21,21.25,+,0.29,1305,2562267,55352640.63,,,,,
AGL-JUL,FUT,21.19,21.3,22.32,21.3,21.55,+,0.36,386,1345500,29368820,,,,,
AGL-JUN,FUT,21.01,21.1,21.98,21.1,21.25,+,0.24,544,1738500,37433190,,,,,
AGP,Reg,88.2,86.51,88.9,86.51,88.9,+,0.7,14,2596,226249.91,,,,,
AGSML,Reg,5.52,5.5,5.5,5.5,5.5,-,-0.02,1,100,550,,,,,
AGTL,Reg,350,350.01,350.01,350,350,#ERROR!,0,4,210,73500.01,,,,,
AHCL,Reg,43.08,46.8,46.8,43.31,45,+,1.92,60,876357,39015680.64,,,,,
AHL,Reg,55.87,55.61,56.73,55.61,56.2,+,0.33,15,6208,347736.84,,,,,
AICL,Reg,35.25,35,35,35,35,-,-0.25,5,1267,44401.94,,,,,
AIRLINK,Reg,88.69,89,89.98,88.55,88.65,-,-0.04,1490,1688378,150691291.4,,,,,
AIRLINK-JUL,FUT,89.98,90.1,91.2,89.75,90.19,+,0.21,509,1354000,122576060,,,,,
AIRLINK-JUN,FUT,88.87,89,90,88.68,88.71,-,-0.16,316,777000,69351335,,,,,
AKBL,Reg,22.62,22.51,22.87,22.11,22.12,-,-0.5,156,172259,3852057.64,,,,,
AKBL-JUN,FUT,22.63,22.75,22.75,22.13,22.15,-,-0.48,61,165000,3688370,,,,,
AKDHL,Reg,119.98,118.06,118.06,118.06,118.06,-,-1.92,1,50,5903,,,,,
AKDSL,Reg,18.18,18.19,18.75,17.5,17.52,-,-0.66,16,59199,1093759.73,,,,,
ALAC,Reg,4.89,5.1,5.1,5.1,5.1,+,0.21,1,50,255,,,,,
ALIFE,Reg,35.66,34.82,36.44,34.82,36.44,+,0.78,2,3000,106890,,,,,
ALTN,Reg,23.53,23.2,23.63,23.1,23.4,-,-0.13,8,7692,178475.23,,,,,
AMTEX,Reg,3.05,3.1,3.25,3.07,3.17,+,0.12,235,540025,1687689,,,,,
ANL,Reg,7.45,7.6,7.64,7.36,7.38,-,-0.07,53,56087,417513.2,,,,,
APL,Reg,387.45,390.95,392,385.15,387,-,-0.45,89,8795,3418220.75,,,,,
ARCTM,Reg,13.49,13.5,13.65,13.5,13.65,+,0.16,7,10922,147567,,,,,
ARPL,Reg,359.65,355,358,327.28,348,-,-11.65,54,117250,41708010.51,,,,,
ARUJ,Reg,18.08,17.99,17.99,17.99,17.99,-,-0.09,1,5,89.95,,,,,
ASC,Reg,8.27,8.3,8.33,8.1,8.16,-,-0.11,103,136296,1122025.22,,,,,
ASC-JUL,FUT,8.35,8.42,8.42,8.35,8.35,#ERROR!,0,118,561000,4722325,,,,,
ASC-JUN,FUT,8.22,8.3,8.3,8.1,8.27,+,0.05,130,582000,4828615,,,,,
ASL,Reg,7.6,7.65,7.78,7.51,7.6,#ERROR!,0,139,596612,4545081.57,,,,,
ASL-JUL,FUT,7.8,7.76,7.76,7.75,7.75,-,-0.05,118,270000,2093000,,,,,
ASL-JUN,FUT,7.73,7.65,7.65,7.62,7.62,-,-0.11,117,272000,2078175,,,,,
ASTL,Reg,27.41,27.65,27.7,27,27.03,-,-0.38,79,105626,2906195.11,,,,,
ASTM,Reg,9.93,10.5,10.5,9.35,10,+,0.07,10,509,5091.14,,,,,
ATBA,Reg,300.93,302,307.5,301.5,302,+,1.07,138,12208,3722817.42,,,,,
ATLH,Reg,484.83,489.82,490,481,485.01,+,0.18,42,4256,2072835.89,,,,,
ATRL,Reg,360.06,364.5,364.5,357.5,357.5,-,-2.56,516,136126,49079343.14,,,,,
ATRL-JUL,FUT,366,366,368,362.5,363,-,-3,127,161500,59110650,,,,,
ATRL-JUN,FUT,361.18,361,363.4,355.59,358.5,-,-2.68,178,203000,73315910,,,,,
AVN,Reg,54.99,55.26,55.95,54.9,55.4,+,0.41,820,733466,40752755.77,,,,,
AVN-JUL,FUT,56.02,56.15,56.97,55.8,56,-,-0.02,234,353500,19969465,,,,,
AVN-JUNB,FUT,55.21,55.3,56.1,55,55.3,+,0.09,311,390500,21728980,,,,,
BAFL,Reg,67.24,66.55,67.98,66.55,67.5,+,0.26,232,487010,32576276.91,,,,,
BAFL-JUL,FUT,67,69,70.99,68,70.99,+,3.99,5,2500,172745,,,,,
BAFL-JUNB,FUT,67,67,68,67,68,+,1,5,2500,168000,,,,,
BAHL,Reg,108.82,109.3,111,108.51,110,+,1.18,65,95137,10417975.8,,,,,
BAPL,Reg,39.56,37,40.9,37,38.5,-,-1.06,56,27591,1048432.8,,,,,
BATA,Reg,1700,1700,1700.01,1700,1700.01,+,0.01,5,154,261801,,,,,
BCL,Reg,131.21,133,133,130.25,130.51,-,-0.7,26,5741,756169.78,,,,,
BECO,Reg,6.25,6.48,6.48,6.1,6.1,-,-0.15,3,12,77.08,,,,,
BELA,Reg,97.87,106.68,106.68,106.68,106.68,+,8.81,8,9010,961186.8,,,,,
BERG,Reg,73.04,73,73.98,72,73,-,-0.04,9,2025,146889,,,,,
BGL,Reg,13.76,13.97,13.97,13.61,13.71,-,-0.05,143,207052,2836769.63,,,,,
BIFO,Reg,102.01,103.9,103.9,101.55,103,+,0.99,24,12547,1280550.26,,,,,
BILF,Reg,2.92,2.8,3.19,2.8,3,+,0.08,41,41966,127397.49,,,,,
BIPL,Reg,21.92,21.97,22.2,21.86,21.91,-,-0.01,139,103257,2268707.63,,,,,
BIPL-JUL,FUT,22.27,20.62,22.48,20.62,22.48,+,0.21,8,11500,246160,,,,,
BIPL-JUN,FUT,21.84,22.49,22.5,21,22.1,+,0.26,19,14500,316035,,,,,
BML,Reg,1.95,1.97,1.98,1.87,1.88,-,-0.07,164,376801,719898.13,,,,,
BML-JUN,FUT,1.92,1.88,1.88,1.86,1.86,-,-0.06,12,31500,59100,,,,,
BNWM,Reg,27.7,27.25,27.5,27.25,27.3,-,-0.4,6,7004,193184,,,,,
BOK,Reg,11.15,11.4,11.4,11.39,11.39,+,0.24,2,1505,17156.95,,,,,
BOP,Reg,4.84,4.83,4.88,4.77,4.78,-,-0.06,694,3169070,15208042.87,,,,,
BOP-JUL,FUT,4.97,4.88,4.9,4.86,4.86,-,-0.11,29,898000,4423255,,,,,
BOP-JUN,FUT,4.85,4.81,4.9,4.75,4.79,-,-0.06,97,1186500,5730805,,,,,
BPL,Reg,24.75,0,0,0,0,#ERROR!,0,2,10000,253550,,,,,
BRRG,Reg,14.4,14.98,14.98,14.98,14.98,+,0.58,2,101000,1458980,,,,,
BWCL,Reg,219.46,222,223,222,222,+,2.54,7,19,4223.99,,,,,
BWHL,Reg,136.08,134.02,135,129,130.01,-,-6.07,40,1680,223468.7,,,,,
CCM,Reg,92.1,100.3,100.3,100.3,100.3,+,8.2,1,2,200.6,,,,,
CENI,Reg,25,26.99,26.99,24.03,24.5,-,-0.5,16,10600,257583.98,,,,,
CEPB,Reg,30.27,30.25,30.43,30,30.4,+,0.13,53,49761,1501819.69,,,,,
CHAS,Reg,71.19,75,75,65.01,72,+,0.81,7,773,51465.7,,,,,
CHBL,Reg,3.69,3.84,3.84,3.5,3.65,-,-0.04,52,100440,365859.24,,,,,
CHCC,Reg,160.45,161.8,162.6,161,161.5,+,1.05,54,2639,426645.43,,,,,
CHCC-JUL,FUT,162,163.55,163.55,163.48,163.48,+,1.48,12,20500,3352670,,,,,
CHCC-JUN,FUT,162,158,161,158,161,-,-1,12,20500,3297500,,,,,
CJPL,Reg,2.63,2.4,2.66,2.4,2.66,+,0.03,14,4506,11909.25,,,,,
CLCPS,Reg,1.74,1.71,1.89,1.52,1.79,+,0.05,35,158526,285092.44,,,,,
CLOV,Reg,49.62,49.95,49.95,48,48.7,-,-0.92,139,51470,2515315.67,,,,,
CLVL,Reg,6.45,6.8,6.8,6.4,6.6,+,0.15,10,865,5541.99,,,,,
CNERGY,Reg,3.96,3.93,4.04,3.93,3.98,+,0.02,710,3638523,14516669.17,,,,,
CNERGY-JUL,FUT,4.03,4.07,4.1,4.01,4.01,-,-0.02,283,1506500,6094815,,,,,
CNERGY-JUN,FUT,3.97,4,4.05,3.95,3.95,-,-0.02,474,3378500,13508295,,,,,
COLG,Reg,1230,1230.01,1234,1227,1229,-,-1,117,1725,2120820.58,,,,,
CPHL,Reg,27.87,27.85,28.17,27.42,28.14,+,0.27,267,267033,7441276.5,,,,,
CPHL-JUL,FUT,28,28.3,28.31,28.26,28.31,+,0.31,8,110500,3123555,,,,,
CPHL-JUN,FUT,28,28.11,28.25,27.77,27.93,-,-0.07,28,51000,1426840,,,,,
CPPL,Reg,119.46,119.95,119.95,117.6,118.01,-,-1.45,30,49538,5910260.14,,,,,
CRTM,Reg,13.5,13.31,13.93,13.31,13.36,-,-0.14,20,14881,198854.65,,,,,
CSAP,Reg,54.98,55.25,55.25,54.5,54.5,-,-0.48,24,8289,454733.08,,,,,
CSIL,Reg,2.94,2.98,3,2.9,2.95,+,0.01,88,3276675,9552802.34,,,,,
CTM,Reg,2.95,3.01,3.13,2.96,3.01,+,0.06,43,128935,391350.44,,,,,
CWSM,Reg,29.93,29.85,30.3,27.24,28.21,-,-1.72,1107,769099,21724240.57,,,,,
DAAG,Reg,189.51,206.57,206.57,206.57,206.57,+,17.06,24,3825,790130.25,,,,,
DAWH,Reg,161.02,161.88,163,160.5,161.4,+,0.38,126,87237,14154386.21,,,,,
DBCI,Reg,4.84,4.95,4.99,4.7,4.77,-,-0.07,126,206986,993549.51,,,,,
DCL,Reg,9.01,8.9,9.1,8.9,9,-,-0.01,223,753591,6786389.74,,,,,
DCL-JUL,FUT,9.16,9.18,9.2,9.08,9.14,-,-0.02,60,190500,1741215,,,,,
DCL-JUN,FUT,9.02,9,9.08,8.95,9,-,-0.02,58,140500,1267120,,,,,
DCR,Reg,16.29,16.29,16.32,16.26,16.32,+,0.03,71,172291,2808103.89,,,,,
DEL,Reg,5.02,5,5.1,5,5.08,+,0.06,3,2001,10165.02,,,,,
DFML,Reg,40.32,40.85,40.99,40.1,40.63,+,0.31,1924,2220067,90032612.26,,,,,
DFML-AUG,FUT,39,0,0,0,0,#ERROR!,0,1,1000,39000,,,,,
DFML-JUL,FUT,41.02,41.19,41.5,40.7,41.25,+,0.23,862,2553500,105348855,,,,,
DFML-JUN,FUT,40.51,40.56,40.99,40.16,40.73,+,0.22,858,2389000,97179085,,,,,
DFSM,Reg,3.4,3.28,3.55,3.28,3.49,+,0.09,57,22812,78255.47,,,,,
DGKC,Reg,90.21,90.6,91.24,89.9,90.5,+,0.29,1147,1055485,95653461.34,,,,,
DGKC-JUL,FUT,91.95,91.5,92.48,91.25,91.99,+,0.04,301,865500,79648900,,,,,
DGKC-JUN,FUT,90.59,90.03,91.3,90.03,90.8,+,0.21,379,1083000,98427380,,,,,
DMTM,Reg,8.82,9.82,9.82,9.82,9.82,+,1,5,3001,29469.82,,,,,
DNCC,Reg,13.75,13.76,13.76,13.75,13.75,#ERROR!,0,2,7800,107255,,,,,
DOL,Reg,22.8,22.82,23.31,22,22.05,-,-0.75,1184,1170316,26431108.72,,,,,
DOL-JUL,FUT,23.3,23,23.22,22.5,22.5,-,-0.8,105,82000,1867440,,,,,
DOL-JUN,FUT,22.96,23,23,22.01,22.21,-,-0.75,63,43500,974515,,,,,
DSIL,Reg,3.42,3.45,3.54,3.36,3.49,+,0.07,96,274599,960051.61,,,,,
DSL,Reg,5.73,5.75,5.8,5.75,5.79,+,0.06,11,207920,1191355.8,,,,,
DSML,Reg,22.19,24.14,24.14,20.2,24,+,1.81,5,5,112.68,,,,,
DWAE,Reg,18.31,19.96,19.96,19.96,19.96,+,1.65,3,985,19660.6,,,,,
DWSM,Reg,4.77,5,5,4.05,4.5,-,-0.27,74,121394,520723.05,,,,,
DWTM,Reg,4.42,4.15,4.15,4.15,4.15,-,-0.27,1,1,4.15,,,,,
DYNO,Reg,226.98,221.01,228.95,221.01,228,+,1.02,9,208,46803.25,,,,,
ECOP,Reg,15.74,17.16,17.16,15.9,16.2,+,0.46,98,100713,1689193.58,,,,,
EFERT,Reg,163.62,163,168.1,163,167.33,+,3.71,1662,955256,159324919.4,,,,,
EFERT-JUL,FUT,164,167.5,170,167.5,170,+,6,9,5500,930740,,,,,
EFERT-JUNB,FUT,164,165,168,165,167,+,3,13,10000,1669850,,,,,
EFGH,Reg,26.26,26.99,26.99,26.99,26.99,+,0.73,1,100,2699,,,,,
EFUL,Reg,195,193.01,193.55,192.05,193.55,-,-1.45,6,4600,885995,,,,,
EMCO,Reg,32.74,35.69,35.69,34.7,35.1,+,2.36,84,43405,1542100.31,,,,,
ENGRO,Reg,336.84,336.12,341.9,336.07,339.06,+,2.22,653,109328,37061777.51,,,,,
ENGRO-JUL,FUT,340,344.8,345,344.8,345,+,5,2,1000,344900,,,,,
ENGRO-JUNB,FUT,337,337,341.4,337,341.4,+,4.4,8,6500,2197400,,,,,
EPCL,Reg,46.1,46.41,46.45,45.55,45.6,-,-0.5,511,346437,15988683.15,,,,,
EPCL-JUL,FUT,47.08,47,47,46.55,46.9,-,-0.18,10,9000,419750,,,,,
EPCL-JUN,FUT,46.38,46.39,46.39,46,46,-,-0.38,6,4500,208365,,,,,
EPCLPS,Reg,11.49,11.8,11.8,11.8,11.8,+,0.31,1,101,1191.8,,,,,
EPQL,Reg,27.88,28.38,28.38,27.91,28.17,+,0.29,147,243656,6848922.8,,,,,
EPQL-JUL,FUT,28.47,28.5,28.5,26.25,28,-,-0.47,12,15000,407675,,,,,
EPQL-JUN,FUT,27.9,28,30.39,25.56,28.25,+,0.35,13,15000,410390,,,,,
ESBL,Reg,3.83,3.99,4,3.99,4,+,0.17,2,2000,7997,,,,,
EXIDE,Reg,582.49,589,598.98,581,588.5,+,6.01,164,12388,7348358.58,,,,,
FABL,Reg,46,45.98,46.01,45.3,45.45,-,-0.55,590,972593,44264705.97,,,,,
FABL-JUL,FUT,46.69,46.1,46.4,45.5,46.25,-,-0.44,56,1815000,84084195,,,,,
FABL-JUNB,FUT,45.99,45.7,45.7,45,45.69,-,-0.3,56,1674000,76165920,,,,,
FASM,Reg,280,280,290,280,290,+,10,6,6,1719.59,,,,,
FATIMA,Reg,52.11,52.11,53,51.26,52.4,+,0.29,470,572486,30077914.77,,,,,
FCCL,Reg,23.01,23.02,23.23,22.8,22.83,-,-0.18,847,1682348,38738057.21,,,,,
FCCL-JUL,FUT,23.43,23.5,23.57,23.15,23.15,-,-0.28,145,2008500,46999395,,,,,
FCCL-JUN,FUT,23.1,23.15,23.4,22.6,22.9,-,-0.2,223,2224500,51291115,,,,,
FCEL,Reg,9.53,10.5,10.5,10.5,10.5,+,0.97,1,1,10.5,,,,,
FCEPL,Reg,72.58,72.8,73.4,72.5,72.5,-,-0.08,43,92455,6756715.08,,,,,
FCIBL,Reg,7.9,8.23,8.23,8.17,8.17,+,0.27,2,563,4629.71,,,,,
FCL,Reg,23.49,23.49,23.68,23.45,23.52,+,0.03,148,230432,5420101.48,,,,,
FCSC,Reg,1.34,1.3,1.4,1.29,1.32,-,-0.02,65,104909,141974.15,,,,,
FDPL,Reg,2.21,2.48,2.48,2.12,2.25,+,0.04,29,14890,34220.19,,,,,
FECM,Reg,5.03,5,5.01,4.9,5.01,-,-0.02,9,4501,22525.6,,,,,
FECTC,Reg,30,30,30,29.51,29.51,-,-0.49,9,54501,1632247,,,,,
FEM,Reg,2.78,2.78,2.78,2.6,2.6,-,-0.18,9,12000,31392.1,,,,,
FEROZ,Reg,241,235.05,250,224,241.17,+,0.17,63,11851,2791988.48,,,,,
FFBL,Reg,33.54,33.65,34.4,33.5,33.8,+,0.26,720,1167332,39822656.65,,,,,
FFBL-JUL,FUT,34.13,34.25,34.94,34.25,34.4,+,0.27,51,103000,3567555,,,,,
FFBL-JUN,FUT,33.6,33.95,34.44,33.32,33.51,-,-0.09,105,135500,4629515,,,,,
FFC,Reg,151.78,151.05,160.2,151,158.5,+,6.72,1651,2183356,344990065.9,,,,,
FFC-JULB,FUT,154.98,159.95,161.1,159.95,161.1,+,6.12,6,5000,803875,,,,,
FFC-JUNB,FUT,152,154.5,160,154.5,158.1,+,6.1,12,12500,1976250,,,,,
FFL,Reg,9.12,9.15,9.2,9.12,9.12,#ERROR!,0,344,1161689,10627568.21,,,,,
FFL-JUL,FUT,9.27,9.3,9.35,9.2,9.2,-,-0.07,168,917500,8539150,,,,,
FFL-JUN,FUT,9.16,9.17,9.22,9.15,9.17,+,0.01,234,738500,6768300,,,,,
FFLM,Reg,2.19,2.15,2.2,2.14,2.2,+,0.01,7,11500,24850.3,,,,,
FHAM,Reg,15.85,16.41,16.41,16,16,+,0.15,12,4951,79267.02,,,,,
FLYNG,Reg,8.65,8.7,8.95,8.68,8.68,+,0.03,108,374301,3304140.49,,,,,
FLYNG-JUL,FUT,8.84,8.5,8.97,8.5,8.97,+,0.13,124,275500,2469200,,,,,
FLYNG-JUN,FUT,8.75,8.55,8.96,8.55,8.84,+,0.09,170,334000,2954540,,,,,
FML,Reg,78,84.99,84.99,84.99,84.99,+,6.99,1,1,84.99,,,,,
FNEL,Reg,3.83,3.94,3.94,3.75,3.8,-,-0.03,103,196849,752396.37,,,,,
FPJM,Reg,1.45,1.35,1.5,1.35,1.5,+,0.05,2,2,2.85,,,,,
FRSM,Reg,53.84,55,58.68,55,55,+,1.16,11,24606,1365416.6,,,,,
FTMM,Reg,4.55,4.75,4.75,4.75,4.75,+,0.2,2,7,32.05,,,,,
FTSM,Reg,16,16.01,16.99,16,16.99,+,0.99,6,302,5128.12,,,,,
FZCM,Reg,130,125,125,125,125,-,-5,1,100,12500,,,,,
GADT,Reg,175,175.05,178.79,171.99,172,-,-3,35,2944,511435.45,,,,,
GAL,Reg,177.86,178.9,182.95,178.9,179.99,+,2.13,1570,727927,132110591.7,,,,,
GAMON,Reg,9.56,9.99,9.99,9.97,9.98,+,0.42,9,40030,398699.31,,,,,
GATI,Reg,218.77,214.89,214.89,210,214.89,-,-3.88,6,1141,242236.48,,,,,
GATM,Reg,20.38,20.5,20.64,20.3,20.41,+,0.03,155,125222,2566931.76,,,,,
GATM-JUL,FUT,20.75,20.81,20.81,20.73,20.73,-,-0.02,13,33000,685780,,,,,
GATM-JUN,FUT,20.5,20.57,20.63,20.53,20.53,+,0.03,11,20000,411055,,,,,
GCIL,Reg,11.4,11.5,11.5,11.25,11.3,-,-0.1,60,80895,920463.12,,,,,
GEMBLUEX,Reg,19.5,18,18,18,18,-,-1.5,1,500,9000,,,,,
GEMMEL,Reg,20,20,20,20,20,#ERROR!,0,4,7802,156040,,,,,
GEMPAPL,Reg,7.99,7.99,8.25,7.99,8,+,0.01,5,2500,20047.32,,,,,
GFIL,Reg,10.82,10.7,10.7,9.83,9.83,-,-0.99,3,3,31.13,,,,,
GGGL,Reg,6.24,6.24,6.38,6.23,6.25,+,0.01,102,163631,1024945.38,,,,,
GGL,Reg,9.9,9.9,9.97,9.87,9.9,#ERROR!,0,323,426883,4230345.54,,,,,
GGL-JUL,FUT,10.06,10,10.13,9.97,10.05,-,-0.01,146,436000,4402580,,,,,
GGL-JUN,FUT,9.93,9.94,9.98,9.9,9.9,-,-0.03,218,399000,3969295,,,,,
GHGL,Reg,26.29,26.4,26.7,26.2,26.25,-,-0.04,84,147597,3884815.5,,,,,
GHGL-JUN,FUT,26.39,26.25,26.35,26.25,26.35,-,-0.04,4,10500,276625,,,,,
GHNI,Reg,272.65,274.8,285,274,278.7,+,6.05,1291,453035,127218150.3,,,,,
GLAXO,Reg,139.51,138.98,139,137.15,138,-,-1.51,29,51789,7181893.24,,,,,
GRR,Reg,13.91,13.6,13.6,13.5,13.5,-,-0.41,4,1000,13527,,,,,
GSPM,Reg,2.7,2.61,3.15,2.61,2.7,#ERROR!,0,25,20646,55778.78,,,,,
GTYR,Reg,41.72,41.97,42.35,41.51,41.92,+,0.2,79,79638,3338298.72,,,,,
GUSM,Reg,2.7,2.32,2.55,2.32,2.55,-,-0.15,2,501,1277.32,,,,,
GVGL,Reg,40.84,40.08,40.2,40,40.2,-,-0.64,18,7026,281806.68,,,,,
GWLC,Reg,30.01,30.1,30.5,30,30,-,-0.01,97,123815,3752572.38,,,,,
HABSM,Reg,65.44,64,65.49,63.9,63.9,-,-1.54,29,1038,66417.4,,,,,
HAEL,Reg,12.43,12.6,13.55,12.6,13.2,+,0.77,176,198579,2591835.77,,,,,
HALEON,Reg,281.23,275.01,283,275.01,282,+,0.77,7,1206,339290,,,,,
HASCOL,Reg,6.03,6.1,6.15,6.04,6.07,+,0.04,331,1007263,6134188.95,,,,,
HBL,Reg,126.31,126.95,126.95,124.5,124.5,-,-1.81,635,672987,84646145.47,,,,,
HBL-JUL,FUT,129,128.5,128.65,127,127,-,-2,87,358500,45554680,,,,,
HBL-JUNB,FUT,126.62,126.25,126.89,125.01,125.26,-,-1.36,52,310500,38943375,,,,,
HBLTETF,Reg,101.45,0,0,0,0,#ERROR!,0,2,535000,51360000,,,,,
HCAR,Reg,286.31,288.4,294.9,288.4,290.25,+,3.94,662,151303,44075755.96,,,,,
HCL,Reg,421.88,422,433.99,415,416,-,-5.88,16,217,90348.09,,,,,
HGFA,Reg,6.27,6.95,6.95,6.66,6.79,+,0.52,46,371613,2492303.03,,,,,
HIFA,Reg,2.53,2.76,2.89,2.7,2.79,+,0.26,41,59661,163901.83,,,,,
HINO,Reg,301.29,303,303,290,295.99,-,-5.3,32,1709,505461.06,,,,,
HINOON,Reg,710.22,717.8,717.8,711,711,+,0.78,16,49,34962.59,,,,,
HIRAT,Reg,2.67,2.6,2.77,2.6,2.65,-,-0.02,171,88690,241871.4,,,,,
HMB,Reg,68.03,68.8,69,68,68,-,-0.03,38,62883,4276897.15,,,,,
HPL,Reg,1600,1600,1600,1600,1600,#ERROR!,0,3,280,448000,,,,,
HSPI,Reg,10.4,10.59,11.25,10.5,11,+,0.6,34,14094,154135.44,,,,,
HTL,Reg,35.69,35.7,36.65,35.7,36,+,0.31,717,1278275,46380416.04,,,,,
HUBC,Reg,163.94,164,169.7,163,167.5,+,3.56,5721,7117283,1195505637,,,,,
HUBC-JULB,FUT,166.75,166,172.48,166,170,+,3.25,678,1040000,177413510,,,,,
HUBC-JUNB,FUT,164.45,164,170,163.35,167.6,+,3.15,487,931500,156411900,,,,,
HUMNL,Reg,10.79,10.81,11.08,10.76,10.82,+,0.03,1447,14139876,154556342,,,,,
HUMNL-JUL,FUT,10.96,11,11.3,11,11,+,0.04,256,1065000,11852060,,,,,
HUMNL-JUN,FUT,10.82,10.9,11.1,10.8,10.9,+,0.08,432,2013000,22083265,,,,,
HWQS,Reg,8.54,8.45,8.8,8.45,8.53,-,-0.01,4,1223,10409.13,,,,,
IBLHL,Reg,31.64,31.9,32.5,31.5,31.5,-,-0.14,42,44972,1439719.78,,,,,
ICCI,Reg,6.62,7.2,7.62,6.61,7.62,+,1,86,299996,2130753.91,,,,,
ICIBL,Reg,1.44,1.55,1.55,1.42,1.49,+,0.05,6,1196,1710.17,,,,,
ICL,Reg,45,45,45.89,44.25,45.8,+,0.8,31,22426,1013602.82,,,,,
IDYM,Reg,122.79,120.6,124.95,120.5,121.1,-,-1.69,15,10971,1357297.45,,,,,
IGIHL,Reg,123.39,123.01,123.2,123,123.05,-,-0.34,8,38351,4713549.91,,,,,
ILP,Reg,71.48,71.83,72.7,70.5,71.38,-,-0.1,1518,1468023,104823690.4,,,,,
ILP-JUL,FUT,72.63,72.5,73.35,71.8,72.5,-,-0.13,49,63500,4611990,,,,,
ILP-JUN,FUT,71.84,71.05,73.74,70.5,71.5,-,-0.34,53,46000,3294755,,,,,
IMAGE,Reg,13.06,13.09,13.2,13.03,13.05,-,-0.01,47,50485,663476.19,,,,,
INDU,Reg,1589,1590,1590,1581.05,1589,#ERROR!,0,21,89,141165.97,,,,,
INIL,Reg,191.05,192,194.5,190.02,193.15,+,2.1,327,195665,37863776.63,,,,,
INIL-JUL,FUT,195,195.55,197.55,195.55,197,+,2,244,251000,49509995,,,,,
INIL-JUN,FUT,191.37,193,194.9,193,193.66,+,2.29,273,271500,52766880,,,,,
IPAK,Reg,24.21,24.2,24.2,24.1,24.1,-,-0.11,15,7578,182849.65,,,,,
ISIL,Reg,1388.94,1400,1400,1350,1398,+,9.06,7,19,25947.41,,,,,
ISL,Reg,84.93,85,87,85,86,+,1.07,531,774645,66839889.66,,,,,
ISL-JUL,FUT,86,87,88.32,87,87.85,+,1.85,106,216500,19005300,,,,,
ISL-JUN,FUT,85.1,86.49,87.95,85.99,86.5,+,1.4,73,48500,4196450,,,,,
ITTEFAQ,Reg,6.03,6.1,6.15,6.01,6.05,+,0.02,67,214960,1300504.01,,,,,
JDMT,Reg,62.57,63.48,63.48,63.48,63.48,+,0.91,1,1,63.48,,,,,
JDWS,Reg,481.22,500,500,493.86,493.86,+,12.64,5,196,97389.68,,,,,
JGICL,Reg,46,45.98,45.98,45.5,45.5,-,-0.5,4,626,28724.48,,,,,
JLICL,Reg,128.05,128.01,128.01,128,128,-,-0.05,2,1000,128001,,,,,
JSBL,Reg,9.25,9.38,9.38,9.19,9.2,-,-0.05,14,91100,838128,,,,,
JSBL-JUL,FUT,9.27,9.37,9.37,9.37,9.37,+,0.1,1,500,4685,,,,,
JSBL-JUN,FUT,9.39,9.23,9.23,9.2,9.2,-,-0.19,2,20500,188615,,,,,
JSCL,Reg,18.22,18.58,18.6,17.85,17.9,-,-0.32,43,137550,2481517.6,,,,,
JSCLPSA,Reg,7.67,7.06,7.06,7.06,7.06,-,-0.61,2,3680,25954,,,,,
JSGBETF,Reg,18.75,18.77,18.77,18.77,18.77,+,0.02,1,500,9385,,,,,
JSGCL,Reg,194.33,211.82,211.82,200,200,+,5.67,3,16,3211.82,,,,,
JSIL,Reg,16,16,16,16,16,#ERROR!,0,8,7200,115240,,,,,
JSMFETF,Reg,19.26,19.56,19.56,19.45,19.45,+,0.19,4,15000,292550,,,,,
JUBS,Reg,12.11,12.62,12.7,12.62,12.7,+,0.59,2,202,2549.4,,,,,
JVDC,Reg,35.39,35.2,35.25,35.2,35.22,-,-0.17,3,1500,52835,,,,,
KAPCO,Reg,32.75,32.75,32.99,32.61,32.8,+,0.05,211,806684,26419782.34,,,,,
KAPCO-JUL,FUT,33.5,33.39,33.4,33,33.2,-,-0.3,11,437500,14585195,,,,,
KAPCO-JUN,FUT,32.8,32.79,33,32.79,32.82,+,0.02,9,436500,14329305,,,,,
KEL,Reg,4.43,4.45,4.69,4.45,4.57,+,0.14,1712,20283727,93614433.12,,,,,
KEL-JUL,FUT,4.51,4.6,4.76,4.56,4.65,+,0.14,432,2995500,14065960,,,,,
KEL-JUN,FUT,4.44,4.47,4.7,4.47,4.62,+,0.18,370,3580000,16506660,,,,,
KHTC,Reg,297.03,306.9,306.9,295,301.89,+,4.86,18,627,185721.37,,,,,
KOHC,Reg,244,248,248,241.01,244,#ERROR!,0,40,1585,385519.23,,,,,
KOHC-JUL,FUT,247.14,250,250,250,250,+,2.86,2,1000,250000,,,,,
KOHE,Reg,40.86,41,41.1,40.9,41,+,0.14,40,24960,1023545.95,,,,,
KOHP,Reg,5.6,5.55,5.74,5.51,5.74,+,0.14,10,13208,72986.54,,,,,
KOSM,Reg,4.24,4.25,4.29,4.18,4.18,-,-0.06,390,1598235,6765107.79,,,,,
KOSM-JUL,FUT,4.33,4.45,4.45,4.26,4.26,-,-0.07,435,1702000,7331135,,,,,
KOSM-JUN,FUT,4.26,4.24,4.3,4.16,4.2,-,-0.06,381,1316000,5583930,,,,,
KSBP,Reg,112.35,115.45,115.45,108,112.98,+,0.63,103,29713,3293169.24,,,,,
KSTM,Reg,3.36,4.25,4.25,2.51,2.51,-,-0.85,17,22360,74719.83,,,,,
KTML,Reg,89,89.99,89.99,89.99,89.99,+,0.99,1,37,3329.63,,,,,
LCI,Reg,913.46,915,915,915,915,+,1.54,3,1001,919670,,,,,
LEUL,Reg,12.94,14.1,14.1,13.02,14.1,+,1.16,17,3601,50126.1,,,,,
LOADS,Reg,9.65,9.65,9.65,9.34,9.5,-,-0.15,44,66667,634575.39,,,,,
LOTCHEM,Reg,18.12,18.2,18.45,17.1,17.55,-,-0.57,1758,11135593,193502473.3,,,,,
LOTCHEM-JUL,FUT,18.15,18.23,18.23,17.4,17.68,-,-0.47,181,620500,11026210,,,,,
LOTCHEM-JUNB,FUT,17.9,17.95,18,17.05,17.38,-,-0.52,295,4142000,71650335,,,,,
LPGL,Reg,40.41,44.05,44.05,38.01,40,-,-0.41,398,231011,9618134.39,,,,,
LPL,Reg,25.8,25.98,26.06,25.62,25.94,+,0.14,417,434458,11246493.99,,,,,
LPL-JUL,FUT,26.31,26.3,26.6,26.1,26.51,+,0.2,19,16000,420610,,,,,
LPL-JUNB,FUT,25.83,25.9,26.49,25.61,26,+,0.17,40,37000,960910,,,,,
LSECL,Reg,3.08,3.14,3.55,3.1,3.37,+,0.29,121,212989,724514.57,,,,,
LSEFSL,Reg,3.57,3.74,4.5,3.7,3.7,+,0.13,28,16727,64834.17,,,,,
LSEVL,Reg,5.8,5.96,5.96,5.96,5.96,+,0.16,1,25,149,,,,,
LUCK,Reg,904.39,904.4,913.45,904.4,910,+,5.61,375,60586,55178596.22,,,,,
LUCK-JUL,FUT,918.2,919.27,926,919.27,926,+,7.8,11,6000,5540470,,,,,
LUCK-JUN,FUT,906.33,911,913.99,910,912,+,5.67,21,12000,10951495,,,,,
MACFL,Reg,18.01,18.2,18.2,18.2,18.2,+,0.19,1,50,910,,,,,
MARI,Reg,2651.01,2650,2699.99,2649.99,2673,+,21.99,331,13503,36157998.74,,,,,
MCB,Reg,240.89,240.89,244.99,240.89,242.99,+,2.1,481,285248,69199668.87,,,,,
MCBIM,Reg,33.5,33.5,33.5,33.5,33.5,#ERROR!,0,4,9,301.5,,,,,
MDTL,Reg,1.66,1.75,1.75,1.65,1.65,-,-0.01,20,45040,74598.5,,,,,
MEBL,Reg,240.23,240.5,242.7,238.5,240.9,+,0.67,988,462762,111348384.6,,,,,
MEBL-JUL,FUT,242.5,235.52,249.44,235.5,248.02,+,5.52,11,7000,1703155,,,,,
MEBL-JUNB,FUT,240,241,243.39,241,243.39,+,3.39,3,2000,484195,,,,,
MEHT,Reg,498.95,455.55,543,455.55,535,+,36.05,4,13,6955.54,,,,,
MERIT,Reg,12.88,13.49,13.69,12.9,13.19,+,0.31,113,629160,8215398.1,,,,,
META,Reg,12.4,12.81,12.81,12.4,12.59,+,0.19,34,45771,573931.41,,,,,
MFFL,Reg,136.36,138,138,134.1,134.5,-,-1.86,73,16299,2201715.56,,,,,
MFL,Reg,28.34,28.7,29.2,28.5,28.5,+,0.16,225,291829,8443271.29,,,,,
MIIETF,Reg,11.14,10.95,10.97,10.9,10.94,-,-0.2,38,84000,918260,,,,,
MIRKS,Reg,32.87,32.77,32.8,32.5,32.5,-,-0.37,39,36738,1195134.66,,,,,
MLCF,Reg,37.88,38,38.25,37.72,37.95,+,0.07,238,644793,24404600.78,,,,,
MLCF-JUL,FUT,38.47,38.62,38.7,38.5,38.53,+,0.06,41,245000,9457305,,,,,
MLCF-JUN,FUT,37.97,38,38.35,37.56,38,+,0.03,76,725000,27625700,,,,,
MQTM,Reg,32,32,32,32,32,#ERROR!,0,2,500,16000,,,,,
MRNS,Reg,54,54,54,54,54,#ERROR!,0,6,3790,204660,,,,,
MTL,Reg,638.42,641.8,642,636.8,637,-,-1.42,186,9920,6339517.45,,,,,
MTL-JUL,FUT,651.87,0,0,0,0,#ERROR!,0,4,10000,6425000,,,,,
MTL-JUN,FUT,639.72,0,0,0,0,#ERROR!,0,4,10000,6330000,,,,,
MUGHAL,Reg,92.68,92.5,93.5,90.6,90.75,-,-1.93,486,379593,34996859.62,,,,,
MUGHAL-JUL,FUT,93.6,94.01,94.01,92.7,92.7,-,-0.9,29,26000,2426190,,,,,
MUGHAL-JUN,FUT,92.98,93,93.5,91.05,91.05,-,-1.93,30,21500,1982665,,,,,
MUREB,Reg,434.44,431,445,430,437,+,2.56,15,13243,5814064.99,,,,,
MWMP,Reg,14.18,14.9,15.46,14.74,15.46,+,1.28,126,178334,2735231.91,,,,,
MZNPETF,Reg,14.63,15.55,15.8,14.75,15.01,+,0.38,76,595500,9129320,,,,,
NATF,Reg,172.04,174,174,170.15,172.98,+,0.94,50,2448,421256.08,,,,,
NBP,Reg,37.49,37.44,37.75,36.83,37.1,-,-0.39,463,1578873,58669735.24,,,,,
NBPGETF,Reg,17.73,17.82,17.82,17.82,17.82,+,0.09,2,1000,17770,,,,,
NBP-JUL,FUT,37.53,38,38.1,37.57,37.57,+,0.04,50,60000,2270535,,,,,
NBP-JUN,FUT,37.63,37.5,37.75,37,37.09,-,-0.54,103,324000,12028270,,,,,
NCL,Reg,27.3,27.11,27.5,26.75,26.8,-,-0.5,189,373232,10071855.8,,,,,
NCL-JUN,FUT,27.3,26.95,26.95,26.9,26.9,-,-0.4,22,20000,538050,,,,,
NCML,Reg,7.41,7.49,7.82,7.49,7.65,+,0.24,34,59846,457573.24,,,,,
NCPL,Reg,30.04,30,31,29.92,30.8,+,0.76,683,2606314,79255849.97,,,,,
NCPL-JUL,FUT,30.7,30.74,31.35,30.74,31.35,+,0.65,5,4000,124185,,,,,
NCPL-JUN,FUT,30.26,30.05,31.2,30.05,31.2,+,0.94,26,45500,1389235,,,,,
NESTLE,Reg,7156.35,7025,7060,6610,6699,-,-457.35,117,1122,7536257.09,,,,,
NETSOL,Reg,140.96,142,143.25,141.13,142.15,+,1.19,1432,931566,132700982.7,,,,,
NETSOL-JUL,FUT,143.58,144.8,145.25,143.01,144.25,+,0.67,422,439500,63509960,,,,,
NETSOL-JUN,FUT,141.51,141.56,143.5,141.11,142.5,+,0.99,531,495000,70584770,,,,,
NEXT,Reg,4.92,4.56,4.9,4.56,4.9,-,-0.02,5,55502,270489.75,,,,,
NICL,Reg,118.9,113.51,113.51,113.51,113.51,-,-5.39,1,15,1702.65,,,,,
NML,Reg,69.97,70.75,70.75,70,70.01,+,0.04,174,79561,5598263.21,,,,,
NML-JUL,FUT,71.06,71.41,71.41,71.15,71.15,+,0.09,3,3500,249645,,,,,
NML-JUN,FUT,70.09,70.5,70.6,70.25,70.25,+,0.16,28,28500,2009775,,,,,
NONS,Reg,102.67,100,100,99,99,-,-3.67,2,100,9901,,,,,
NPL,Reg,40.73,40.5,42.49,40.5,41.95,+,1.22,293,294685,12292431.42,,,,,
NPL-JUL,FUT,38.21,41.35,41.44,41.35,41.44,+,3.23,2,2000,82790,,,,,
NPL-JUNB,FUT,37.14,40.45,40.45,40.45,40.45,+,3.31,1,500,20225,,,,,
NRL,Reg,275.09,276.75,278.7,271.5,271.5,-,-3.59,529,179130,49330188.15,,,,,
NRL-JUL,FUT,280,281.17,282,275.87,275.87,-,-4.13,146,224500,62935165,,,,,
NRL-JUN,FUT,275.92,275.5,278.8,272,272.2,-,-3.72,152,222000,61360200,,,,,
NRSL,Reg,19.5,19.89,20.04,19.6,19.6,+,0.1,39,69293,1382088.71,,,,,
OBOY,Reg,5.95,5.92,5.93,5.9,5.91,-,-0.04,10,6001,35490.91,,,,,
OCTOPUS,Reg,105,102,103,100,100,+,4.77,2673,3997106,350892693,,,,,
OGDC,Reg,129.05,129,129.25,127.27,127.8,-,-1.25,2480,3182960,407542314.8,,,,,
OGDC-JULB,FUT,131.38,131.1,131.31,129.1,129.8,-,-1.58,442,875000,113810230,,,,,
OGDC-JUNB,FUT,129.56,129.2,129.2,127.7,128.2,-,-1.36,404,842000,108014470,,,,,
OLPL,Reg,27.99,27.9,28,27.9,27.99,#ERROR!,0,4,11000,307790,,,,,
OLPM,Reg,13.85,13.88,13.95,13.88,13.95,+,0.1,7,5425,75638.25,,,,,
OML,Reg,25.28,27.46,27.55,27,27.55,+,2.27,3,501,13528.01,,,,,
OTSU,Reg,117.02,115,118.35,115,118.35,+,1.33,26,3698,427026.15,,,,,
PABC,Reg,71,70.9,71,70.4,70.5,-,-0.5,75,56620,4008444.19,,,,,
PACE,Reg,3.14,3.18,3.18,3.1,3.1,-,-0.04,67,311745,977406.42,,,,,
PAEL,Reg,24.78,24.7,25.25,24.7,24.9,+,0.12,888,1800649,45143408.45,,,,,
PAEL-JUL,FUT,25.21,25.21,25.6,25.21,25.35,+,0.14,307,2328000,59056800,,,,,
PAEL-JUN,FUT,24.89,24.9,25.39,24.9,24.99,+,0.1,505,2728500,68225430,,,,,
PAKD,Reg,72.95,77.5,77.5,70.31,73.9,+,0.95,15,5595,399321.33,,,,,
PAKL,Reg,17.7,18.39,18.39,18.39,18.39,+,0.69,1,25,459.75,,,,,
PAKOXY,Reg,79.99,79.56,81.9,79.56,81,+,1.01,31,9626,777936.7,,,,,
PAKRI,Reg,9.91,9.93,10.08,9.9,9.95,+,0.04,61,232764,2319839.85,,,,,
PAKT,Reg,1029.93,1050,1050,1012,1012,-,-17.93,15,364,375746,,,,,
PASL,Reg,2.29,2.34,2.39,2.16,2.19,-,-0.1,1250,13390885,30497214.94,,,,,
PASM,Reg,3.35,2.83,3.5,2.83,3.4,+,0.05,13,1657,5491.35,,,,,
PCAL,Reg,167,0,0,0,0,#ERROR!,0,2,13800,2323299,,,,,
PGLC,Reg,7.31,7.33,7.33,7.31,7.31,#ERROR!,0,5,1000,7315.63,,,,,
PHDL,Reg,525.3,525.3,535,510,525,-,-0.3,27,869,463160.39,,,,,
PIAHCLA,Reg,12.93,13.22,13.5,13.15,13.21,+,0.28,1927,4374896,58250824.46,,,,,
PIAHCLA-JUL,FUT,13.1,13.29,13.71,13.29,13.41,+,0.31,365,1215500,16421790,,,,,
PIAHCLA-JUN,FUT,12.93,13.18,13.55,13.17,13.25,+,0.32,424,1616500,21521530,,,,,
PIBTL,Reg,6.15,6.17,6.24,6.12,6.15,#ERROR!,0,305,987486,6111588.42,,,,,
PIBTL-JUL,FUT,6.25,6.21,6.31,6.21,6.29,+,0.04,106,161500,1015955,,,,,
PIBTL-JUN,FUT,6.17,6.23,6.25,6.19,6.2,+,0.03,123,284000,1763960,,,,,
PICT,Reg,39.39,39.12,39.64,39.12,39.2,-,-0.19,40,8772,346151.38,,,,,
PIL,Reg,1.8,1.89,1.89,1.78,1.81,+,0.01,48,1895943,3412366.62,,,,,
PIOC,Reg,163.35,163.51,164.99,162.01,162.01,-,-1.34,195,112914,18470508.85,,,,,
PIOC-JUL,FUT,166,166,167,166,166.25,+,0.25,11,19000,3166350,,,,,
PIOC-JUN,FUT,163.98,163.2,165.51,163,163,-,-0.98,40,34500,5665225,,,,,
PKGP,Reg,88.01,91.92,91.92,88,88.5,+,0.49,12,2019,177693.92,,,,,
PKGS,Reg,512.75,519.5,530,485.18,485.18,-,-27.57,103,98391,51697823.51,,,,,
PMI,Reg,2,2.01,2.02,1.85,1.97,-,-0.03,19,7741,14798.83,,,,,
PMPK,Reg,603.13,565,565,565,565,-,-38.13,2,50,28250,,,,,
PNSC,Reg,304.67,303.01,309.9,302,304,-,-0.67,46,16484,5022567.65,,,,,
POL,Reg,488.67,489,490,486.5,487.89,-,-0.78,144,86513,42263840.55,,,,,
POWER,Reg,5.51,5.52,5.64,5.52,5.52,+,0.01,51,95721,532403.9,,,,,
POWER-JUN,FUT,5.55,5.62,5.62,5.55,5.55,#ERROR!,0,14,35000,194600,,,,,
POWERPS,Reg,10.5,11,11,11,11,+,0.5,1,10,110,,,,,
PPL,Reg,116.81,116.97,117.22,116,116.2,-,-0.61,1406,1287696,150148706.6,,,,,
PPL-JULB,FUT,118.91,119,119,118,118,-,-0.91,194,512500,60778335,,,,,
PPL-JUNB,FUT,117.18,117.24,117.4,116.4,116.4,-,-0.78,214,561500,65577400,,,,,
PPP,Reg,76.25,74.85,77.25,74.85,77.25,+,1,3,575,43200.75,,,,,
PREMA,Reg,14.64,14.6,14.9,14.6,14.6,-,-0.04,57,79765,1173889.42,,,,,
PRET,Reg,320.62,300.1,300.1,300.1,300.1,-,-20.52,1,4,1200.4,,,,,
PRL,Reg,24.12,24.25,24.42,24.05,24.1,-,-0.02,895,1067417,25872403.8,,,,,
PRL-JUL,FUT,24.62,24.66,24.85,24.5,24.55,-,-0.07,256,632500,15624710,,,,,
PRL-JUN,FUT,24.2,24.35,24.5,24.17,24.17,-,-0.03,349,876500,21325065,,,,,
PSEL,Reg,801.2,819.99,819.99,770.1,814.98,+,13.78,5,8,6300.91,,,,,
PSO,Reg,167.72,167.97,169,167.52,167.77,+,0.05,570,292199,49117296.73,,,,,
PSO-JUL,FUT,170.64,170.51,171.49,170.12,170.35,-,-0.29,127,202000,34461165,,,,,
PSO-JUN,FUT,168.26,168.5,169.2,167.8,167.95,-,-0.31,142,188000,31625915,,,,,
PSX,Reg,13.34,13.4,13.55,13.27,13.27,-,-0.07,108,534592,7177305.74,,,,,
PTC,Reg,11.94,12.09,12.1,11.98,12,+,0.06,233,327418,3939843.67,,,,,
PTC-JUL,FUT,12.18,12.3,12.3,12.2,12.2,+,0.02,23,111500,1365900,,,,,
PTC-JUN,FUT,11.99,12,12.1,12,12.06,+,0.07,96,525000,6331120,,,,,
PTL,Reg,37.78,37.99,38.35,37.99,38.2,+,0.42,44,13606,518399.52,,,,,
QUICE,Reg,4.4,4.59,4.59,4.41,4.46,+,0.06,13,2510,11209.32,,,,,
REDCO,Reg,8,7.86,8.1,7.86,8.1,+,0.1,6,112,896.72,,,,,
REWM,Reg,80.81,73.55,73.55,73.55,73.55,-,-7.26,1,24,1765.2,,,,,
RMPL,Reg,7625.06,7670,7670,7600,7600,-,-25.06,5,9,68470,,,,,
RPL,Reg,14.28,14.25,14.35,14.1,14.13,-,-0.15,25,164049,2345073.88,,,,,
RUBY,Reg,9.28,8.55,8.8,8.28,8.28,-,-1,107,137421,1138520.3,,,,,
RUPL,Reg,16.67,16.52,16.7,16.5,16.68,+,0.01,7,7300,120616.07,,,,,
SAIF,Reg,10.92,10.62,11.3,10.5,11.3,+,0.38,12,37501,380595,,,,,
SANE,Reg,2.74,2.55,3.74,2.55,3.74,+,1,75,69785,250598.31,,,,,
SASML,Reg,39,42.45,42.45,36,40,+,1,15,1001,36673,,,,,
SAZEW,Reg,820.34,835,863.99,833,843,+,22.66,4220,1022741,870073157.8,,,,,
SAZEW-JUL,FUT,833.83,845,874,844,858,+,24.17,729,600500,518801165,,,,,
SAZEW-JUNB,FUT,823.11,830.02,865,830.02,846.5,+,23.39,907,767500,653933410,,,,,
SBL,Reg,11.91,11.02,11.02,11.02,11.02,-,-0.89,7,1952,21912.64,,,,,
SCBPL,Reg,61.7,63,63,62.8,62.99,+,1.29,8,1090,68638.95,,,,,
SCL,Reg,273.93,297.99,297.99,270,276,+,2.07,4,400,111899,,,,,
SEARL,Reg,58.01,58,58.3,57.4,57.45,-,-0.56,1440,1256932,72439414.14,,,,,
SEARL-JUL,FUT,58.98,59,59,58.26,58.35,-,-0.63,682,2553000,149693085,,,,,
SEARL-JUN,FUT,58.07,58,58.2,57.5,57.6,-,-0.47,749,2589500,149734750,,,,,
SEL,Reg,11.04,10.86,10.86,10.86,10.86,-,-0.18,1,409,4441.74,,,,,
SEPL,Reg,134.26,134,134,132,132,-,-2.26,19,2798,371429.05,,,,,
SERT,Reg,10.63,11.63,11.63,11.63,11.63,+,1,10,13207,153597.41,,,,,
SFL,Reg,1479.98,1360.55,1400,1360.55,1400,-,-79.98,2,8,1.10E+04,,,,,
SGF,Reg,77.11,77.11,77.3,77,77,-,-0.11,39,48600,3743719.82,,,,,
SGPL,Reg,9.6,10.47,10.47,9.7,10.3,+,0.7,58,50226,510331.4,,,,,
SHEL,Reg,134.26,135,135.93,133.13,135.03,+,0.77,180,71578,9690025.07,,,,,
SHEL-JUL,FUT,136.77,137.1,137.94,137,137,+,0.23,27,139000,19093825,,,,,
SHEL-JUN,FUT,134.93,134.9,136,134.9,135.01,+,0.08,45,150000,2.03E+07,,,,,
SHEZ,Reg,94,94,94,93.8,94,#ERROR!,0,10,1110,104228.4,,,,,
SHFA,Reg,141.42,144.88,144.88,142,142,+,0.58,8,10111,1452379.08,,,,,
SHNI,Reg,4.36,4.8,4.8,4.3,4.55,+,0.19,15,6407,28595.87,,,,,
SIBL,Reg,4.93,4.98,4.98,4.94,4.98,+,0.05,5,81,402.31,,,,,
SIEM,Reg,522.8,521,525,520,520,-,-2.8,26,1728,898503,,,,,
SILK,Reg,0.95,0.97,0.97,0.95,0.95,#ERROR!,0,116,721962,691175.02,,,,,
SINDM,Reg,10.55,10.85,10.85,10.85,10.85,+,0.3,1,10,108.5,,,,,
SITC,Reg,344.73,354,354,313.7,338.9,-,-5.83,29,1087,349400.77,,,,,
SKRS,Reg,8.77,8.88,8.88,8.88,8.88,+,0.11,1,1,8.88,,,,,
SLGL,Reg,8.62,8.6,8.78,8.6,8.75,+,0.13,9,3286,28752.35,,,,,
SLL,Reg,2.15,2.88,2.88,2.16,2.48,+,0.33,6,801,1864.88,,,,,
SLYT,Reg,2.97,0,0,0,0,#ERROR!,0,1,1,2.71,,,,,
SMCPL,Reg,19.38,18.99,19.19,18.99,19,-,-0.38,8,6461,122777,,,,,
SNAI,Reg,24,25.63,25.64,25.63,25.64,+,1.64,3,1001,25665.63,,,,,
SNBL,Reg,11.71,11.6,11.8,11.6,11.75,+,0.04,111,140142,1643681.78,,,,,
SNBL-JUN,FUT,11.72,11.71,11.75,11.71,11.75,+,0.03,4,2000,23460,,,,,
SNGP,Reg,64.29,64.99,65.25,64.01,64.3,+,0.01,539,507529,32867959.78,,,,,
SNGP-JUL,FUT,65.5,65.77,66.25,65,65.49,-,-0.01,80,168500,11060115,,,,,
SNGP-JUN,FUT,64.39,64.95,65.2,64.11,64.4,+,0.01,142,262000,1.70E+07,,,,,
SPEL,Reg,15.1,15.39,15.39,15.2,15.2,+,0.1,2,1001,15215.39,,,,,
SPL,Reg,13.62,13.17,13.5,13.17,13.4,-,-0.22,14,15510,2.08E+05,,,,,
SPWL,Reg,18.64,18.62,18.84,18.1,18.5,-,-0.14,279,255234,4734976.84,,,,,
SRVI,Reg,958.14,940.28,968.5,940.28,951.55,-,-6.59,12,422,401608.21,,,,,
SSGC,Reg,9.64,9.65,9.8,9.63,9.66,+,0.02,93,166528,1.61E+06,,,,,
SSGC-JUL,FUT,9.9,9.78,9.78,9.78,9.78,-,-0.12,1,500,4890,,,,,
SSGC-JUN,FUT,9.7,9.7,9.7,9.61,9.61,-,-0.09,18,41000,394835,,,,,
SSOM,Reg,75.74,81.99,82.56,80,82.56,+,6.82,104,25302,2074812.56,,,,,
STCL,Reg,14.12,14.44,14.44,13.81,13.85,-,-0.27,6,1244,17502.94,,,,,
STJT,Reg,80,78.2,79.2,78,78,-,-2,8,1100,85901.4,,,,,
STPL,Reg,5.57,5.6,5.95,5.49,5.7,+,0.13,568,2878994,16187600.53,,,,,
STYLERS,Reg,49.05,49.5,51.5,49.5,51.5,+,2.45,3,30,1487,,,,,
SUTM,Reg,86.99,87.5,87.5,87.5,87.5,+,0.51,1,1,87.5,,,,,
SYM,Reg,5.08,5.12,5.19,5.05,5.13,+,0.05,180,365544,1879357.22,,,,,
SYS,Reg,421.51,420.16,426.25,420.15,424,+,2.49,419,111447,47264224.66,,,,,
SYS-JUL,FUT,429.92,0,0,0,0,#ERROR!,0,1,1000,434000,,,,,
SYS-JUN,FUT,422.11,422.02,426.25,422.02,423.01,+,0.9,7,5000,2124155,,,,,
TATM,Reg,59.95,60,60,59.6,59.6,-,-0.35,4,600,35780.5,,,,,
TBL,Reg,19.77,19.8,20.17,19.75,19.85,+,0.08,161,94572,1889942.38,,,,,
TCORP,Reg,12.57,12.6,12.6,12.6,12.6,+,0.03,1,4,50.4,,,,,
TELE,Reg,7.61,7.69,7.74,7.56,7.59,-,-0.02,363,436416,3341645.37,,,,,
TELE-JUL,FUT,7.7,7.36,7.8,7.36,7.71,+,0.01,20,265000,2064975,,,,,
TELE-JUN,FUT,7.7,7.7,7.73,7.6,7.61,-,-0.09,102,401000,3086390,,,,,
TGL,Reg,117.25,116.15,120,116.15,118.6,+,1.35,310,86095,10223059.04,,,,,
TGL-JUL,FUT,119,113.03,119.6,113.03,119.6,+,0.6,11,5500,631980,,,,,
TGL-JUN,FUT,118.15,111.23,119,111.23,119,+,0.85,20,11500,1331235,,,,,
THALL,Reg,463.45,460.03,469.01,460.03,469.01,+,5.56,2,37,17308.47,,,,,
THCCL,Reg,34.15,34.49,34.89,33.7,34.18,+,0.03,67,64544,2202283.96,,,,,
TOMCL,Reg,37.42,37.1,37.59,36.7,36.71,-,-0.71,820,752022,27885077.15,,,,,
TOMCL-JUL,FUT,38.21,38,38.19,37.4,37.4,-,-0.81,118,322500,12243435,,,,,
TOMCL-JUN,FUT,37.71,37.5,37.73,37,37.1,-,-0.61,142,386000,14414425,,,,,
TOWL,Reg,141.34,140.5,141,140.5,140.55,-,-0.79,7,487,68436.67,,,,,
TPL,Reg,4.95,5,5,4.93,4.93,-,-0.02,25,106760,529073.82,,,,,
TPLP,Reg,8.99,9,9.25,8.93,8.95,-,-0.04,452,685889,6170773.62,,,,,
TPLP-JUL,FUT,9.11,9.16,9.18,9.1,9.15,+,0.04,36,441000,4030030,,,,,
TPLP-JUN,FUT,9.01,9.05,9.05,8.97,9.01,#ERROR!,0,173,618500,5555835,,,,,
TPLRF1,Reg,15.22,14.02,15.72,14.02,15.72,+,0.5,2,2,2.97E+01,,,,,
TPLT,Reg,5.99,5.97,6.02,5.97,6,+,0.01,22,183747,1100845.27,,,,,
TREET,Reg,15.58,15.56,15.96,15.51,15.52,-,-0.06,605,791205,12337168.5,,,,,
TREET-JUL,FUT,15.9,15.96,15.96,15.76,15.76,-,-0.14,225,412000,6528190,,,,,
TREET-JUN,FUT,15.62,15.59,15.72,15.54,15.55,-,-0.07,339,684500,10683950,,,,,
TRG,Reg,62.92,63.2,63.7,62.31,62.99,+,0.07,793,1649137,103836044.3,,,,,
TRG-JUL,FUT,64.44,64,64.7,63.9,64,-,-0.44,313,1477000,95216935,,,,,
TRG-JUN,FUT,63.13,62.95,63.99,62.91,63.06,-,-0.07,448,2678000,170211755,,,,,
TRIPF,Reg,112.2,111.12,116,111.12,116,+,3.8,2,3,338.24,,,,,
TSBL,Reg,11.56,10.52,12,10.52,12,+,0.44,11,15203,180788,,,,,
TSMF,Reg,4.6,4.4,4.4,4.4,4.4,-,-0.2,1,50,220,,,,,
TSML,Reg,69.85,67.1,67.1,65,65,-,-4.85,2,21,1394.4,,,,,
TSPL,Reg,9.72,9.61,9.61,9.46,9.58,-,-0.14,6,37505,358093.05,,,,,
UBDL,Reg,11.5,11.23,11.23,11.05,11.05,-,-0.45,7,3000,33346.12,,,,,
UBL,Reg,257.58,258.95,259.8,257.65,258,+,0.42,400,162360,41995189.83,,,,,
UBL-JUL,FUT,262.45,263.97,264,263.36,263.36,+,0.91,10,8000,2108555,,,,,
UBL-JUNB,FUT,258.5,260,260.5,259.01,259.46,+,0.96,9,4500,1168685,,,,,
UBLPETF,Reg,19.12,19.15,19.15,19.15,19.15,+,0.03,3,7500,143625,,,,,
UCAPM,Reg,1.81,1.97,1.99,1.83,1.98,+,0.17,19,1036,2053.3,,,,,
UNIC,Reg,12.8,12.95,12.99,12.8,12.99,+,0.19,12,8792,113951.65,,,,,
UNITY,Reg,29.4,29.4,29.89,29,29.24,-,-0.16,1828,3990869,117645054.7,,,,,
UNITY-JULB,FUT,29.96,30.48,30.48,29.59,29.7,-,-0.26,939,2664500,79915225,,,,,
UNITY-JUNB,FUT,29.44,29.7,29.9,29.11,29.35,-,-0.09,674,1481000,43683205,,,,,
UPFL,Reg,18300,18399.99,18399.99,18340,18350,+,50,4,9,165149.99,,,,,
UVIC,Reg,7.29,8,8.19,6.3,6.3,-,-0.99,18,33500,232962,,,,,
WAVES,Reg,7.17,7.21,7.35,7.21,7.22,+,0.05,387,129411,940201.86,,,,,
WAVESAPP,Reg,16.69,17,17.2,16.41,16.41,-,-0.28,116,123615,2061014.79,,,,,
WAVES-JUL,FUT,7.31,7.35,7.45,7.35,7.38,+,0.07,114,1086500,8010790,,,,,
WAVES-JUN,FUT,7.15,7.2,7.35,7.2,7.3,+,0.15,123,1091500,7918625,,,,,
WTL,Reg,1.28,1.3,1.3,1.27,1.28,#ERROR!,0,395,7118385,9072808.6,,,,,
WTL-JUL,FUT,1.3,1.3,1.31,1.3,1.3,#ERROR!,0,79,6512000,8480685,,,,,
WTL-JUN,FUT,1.28,1.28,1.29,1.27,1.28,#ERROR!,0,154,12457000,15945350,,,,,
YOUW,Reg,3.37,3.36,3.44,3.3,3.35,-,-0.02,130,326372,1088304.33,,,,,
ZAHID,Reg,30,30,30,30,30,#ERROR!,0,2,154,4.62E+03,,,,,
TOMCL-JUL,FUT,37,37,37.15,36.62,36.62,-,-0.38,36,519500,19062540,,,,,
TOMCL-JUN,FUT,35.83,36.11,36.85,35.51,36.41,+,0.58,743,1274500,46150695,,,,,
TOWL,Reg,142.7,142.99,142.99,142,142.61,-,-0.09,24,2388,340277.08,,,,,
TPL,Reg,5.17,5.27,5.27,5.03,5.04,-,-0.13,131,384728,1951512.05,,,,,
TPLI,Reg,14.26,0,0,0,14.26,#ERROR!,0,1,150,2128.5,,,,,
TPLP,Reg,9.75,9.75,9.8,9.44,9.49,-,-0.26,949,1644048,15676265.29,,,,,
TPLP-JUN,FUT,9.8,9.65,9.75,9.5,9.53,-,-0.27,144,237500,2273430,,,,,
TPLRF1,Reg,15.61,15.05,15.84,15.05,15.79,+,0.18,16,5092,80395.5,,,,,
TPLT,Reg,6.15,6.14,6.24,6,6.02,-,-0.13,78,96668,587613.16,,,,,
TREET,Reg,16.02,15.97,16.1,15.8,15.86,-,-0.16,877,810414,12927605.43,,,,,
TREET-JUL,FUT,16.41,16.01,16.2,16.01,16.2,-,-0.21,13,18000,290500,,,,,
TREET-JUN,FUT,16.08,16.01,16.15,15.75,15.9,-,-0.18,131,190500,3042165,,,,,
TRG,Reg,64.48,64.52,65.1,63.7,63.82,-,-0.66,1473,1239750,79702936.55,,,,,
TRG-JUL,FUT,65.65,66.65,66.65,65.01,65.01,-,-0.64,14,27500,1807235,,,,,
TRG-JUN,FUT,64.84,65,65.4,64,64.19,-,-0.65,527,681500,44025140,,,,,
TRIPF,Reg,113.5,112.12,117.4,112.12,115.39,+,1.89,24,9731,1110045.11,,,,,
TSBL,Reg,11.5,11.5,11.5,11.5,11.5,#ERROR!,0,3,430,4945,,,,,
TSMF,Reg,4.6,3.73,5.33,3.73,4.6,#ERROR!,0,6,25,126.1,,,,,
TSML,Reg,69.85,66,66,66,69.85,#ERROR!,0,1,10,660,,,,,
TSPL,Reg,9.53,10,10,8.75,9.95,+,0.42,36,52835,481297.16,,,,,
UBDL,Reg,11.85,12,12,11.75,11.75,-,-0.1,6,2037,24304.75,,,,,
UBL,Reg,260.19,270,282.03,260.55,265.65,+,5.46,2803,2106556,5.71E+08,,,,,
UBL-JUL,FUT,262.01,265,277,265,270.54,+,8.53,125,213000,58405170,,,,,
UBL-JUNB,FUT,256.6,268,273.5,262,265.86,+,9.26,252,242000,65385055,,,,,
UBLPETF,Reg,18.74,19.07,19.17,18.84,18.98,+,0.24,6,6000,113850,,,,,
UCAPM,Reg,1.93,1.99,2.05,1.85,2.02,+,0.09,43,34246,68156.47,,,,,
UNIC,Reg,12.86,12.98,12.98,12.8,12.84,-,-0.02,49,82883,1065477.76,,,,,
UNITY,Reg,27.01,27,27.34,26.96,27.27,+,0.26,1005,5043256,1.37E+08,,,,,
UNITY-JUNB,FUT,27.14,28.99,28.99,27.01,27.37,+,0.23,299,820500,22461000,,,,,
UPFL,Reg,18181.56,18182,18399.93,18000,18199.06,+,17.5,28,114,2071613.28,,,,,
UVIC,Reg,5.88,6.25,6.48,5.22,6.32,+,0.44,34,36957,210386.72,,,,,
WAHN,Reg,202.69,204,208.98,195.5,202.44,-,-0.25,47,731,147886.11,,,,,
WAVES,Reg,7.51,7.55,7.62,7.41,7.45,-,-0.06,576,1647634,12332581.67,,,,,
WAVESAPP,Reg,16.72,17.49,17.49,15.3,15.55,-,-1.17,622,937384,14617529.28,,,,,
WAVES-JUN,FUT,7.57,7.59,7.59,7.46,7.55,-,-0.02,71,137000,1034095,,,,,
WTL,Reg,1.31,1.31,1.34,1.25,1.27,-,-0.04,1458,43051185,55322442.33,,,,,
WTL-JUN,FUT,1.31,1.34,1.34,1.26,1.28,-,-0.03,79,2324000,2987560,,,,,
YOUW,Reg,3.53,3.5,3.6,3.45,3.45,-,-0.08,115,217096,753240.62,,,,,
YOUW-JUN,FUT,3.75,4,4,4,4,+,0.25,3,8500,29840,,,,,
ZAHID,Reg,28.13,26.02,29.99,26.02,28.13,#ERROR!,0,12,42,1213.39,,,,,
ZTL,Reg,11,10.99,10.99,10.99,11,#ERROR!,0,1,1,10.99,,,,,
